{
    "images" : [
        {
            "size" : "20x20",
            "idiom" : "iphone",
            "filename" : "hamburger.png",
            "scale" : "2x"
        },
        {
            "size" : "20x20",
            "idiom" : "iphone",
            "filename" : "hamburger.png",
            "scale" : "3x"
        },
        {
            "size" : "29x29",
            "idiom" : "iphone",
            "filename" : "hamburger.png",
            "scale" : "2x"
        },
        {
            "size" : "29x29",
            "idiom" : "iphone",
            "filename" : "hamburger.png",
            "scale" : "3x"
        },
        {
            "size" : "40x40",
            "idiom" : "iphone",
            "filename" : "hamburger.png",
            "scale" : "2x"
        },
        {
            "size" : "40x40",
            "idiom" : "iphone",
            "filename" : "hamburger.png",
            "scale" : "3x"
        },
        {
            "idiom" : "iphone",
            "size" : "60x60",
            "scale" : "2x"
        },
        {
            "idiom" : "iphone",
            "size" : "60x60",
            "scale" : "3x"
        },
        {
            "idiom" : "ipad",
            "size" : "20x20",
            "scale" : "1x"
        },
        {
            "idiom" : "ipad",
            "size" : "20x20",
            "scale" : "2x"
        },
        {
            "idiom" : "ipad",
            "size" : "29x29",
            "scale" : "1x"
        },
        {
            "idiom" : "ipad",
            "size" : "29x29",
            "scale" : "2x"
        },
        {
            "idiom" : "ipad",
            "size" : "40x40",
            "scale" : "1x"
        },
        {
            "idiom" : "ipad",
            "size" : "40x40",
            "scale" : "2x"
        },
        {
            "idiom" : "ipad",
            "size" : "76x76",
            "scale" : "1x"
        },
        {
            "idiom" : "ipad",
            "size" : "76x76",
            "scale" : "2x"
        },
        {
            "idiom" : "ipad",
            "size" : "83.5x83.5",
            "scale" : "2x"
        }
    ],
    "info" : {
        "version" : 1,
        "author" : "xcode"
    }
}
